C1x,C1y,C1z,C2x,C2y,C2z,C3x,C3y,C3z,O4x,O4y,O4z,O5x,O5y,O5z,C12x,C12y,C12z,C13x,C13y,C13z,C14x,C14y,C14z,O15x,O15y,O15z,O16,O16x,O16y,O16z,C22x,C22y,C22z,C23x,C23y,C23z,C24x,C24y,C24z,C25x,C25y,C25z,O26x,O26y,O26z,O27x,O27y,O27z,Ca35x,Ca35y,Ca35z,O36x,O36y,O36z,Cach
51.18,51.818,47.011,52.177,50.684,46.792,52.986,50.319,48.029,52.783,50.862,49.112,54.001,49.416,47.903,54.3,54.043,51.484,54.073,53.535,52.906,53.364,52.188,52.895,53.076,51.543,51.863,16,52.922,51.821,54.005,45.109,52.677,49.903,46.432,51.99,49.577,47.453,52.227,50.686,48.667,51.347,50.422,48.71,50.191,50.896,49.737,51.895,50.082,51.329,49.918,50.995,50.365,51.256,53.251,2.267233
29.654,25.003,43.345,31.174,25.136,43.374,31.604,25.755,44.697,31.056,25.653,45.792,32.73,26.508,44.542,28.32,28.538,47.723,28.062,27.704,48.974,28.728,26.343,48.831,28.232,25.459,48.1,16,29.759,26.07,49.484,24.786,20.931,44.83,26.223,21.425,44.969,26.489,22.2,46.257,27.962,22.555,46.407,28.285,23.596,45.796,28.733,21.762,46.99,30.285,23.864,47.802,30.546,22.801,50.531,2.809968
38.236,56.699,45.559,38.838,55.361,45.979,39.685,55.485,47.237,39.422,56.265,48.15,40.711,54.587,47.271,40.783,60.232,48.852,39.816,60.357,50.026,38.877,59.16,49.974,39.232,58.119,50.569,16,37.826,59.219,49.301,31.161,58.441,47.055,32.35,57.489,47.151,33.194,57.681,48.408,34.379,56.775,48.711,34.493,56.226,49.828,35.307,56.738,47.874,37.342,56.375,49.986,35.978,54.888,51.893,3.857055
38.236,56.699,45.559,38.838,55.361,45.979,39.685,55.485,47.237,39.422,56.265,48.15,40.711,54.587,47.271,40.783,60.232,48.852,39.816,60.357,50.026,38.877,59.16,49.974,39.232,58.119,50.569,16,37.826,59.219,49.301,31.161,58.441,47.055,32.35,57.489,47.151,33.194,57.681,48.408,34.379,56.775,48.711,34.493,56.226,49.828,35.307,56.738,47.874,37.342,56.375,49.986,36.202,57.928,51.896,4.107352
36.895,56.1,44.039,37.658,54.807,44.311,38.387,54.821,45.647,38.021,55.411,46.661,39.573,54.153,45.555,39.051,60.216,47.347,38.198,60.247,48.612,37.46,58.986,49.039,36.418,59.202,49.695,16,37.886,57.848,48.744,29.82,57.053,45.438,31.222,56.456,45.521,32.003,57.137,46.641,33.381,56.519,46.836,33.39,55.53,47.599,34.437,57.055,46.434,36.097,56.051,48.36,34.62,54.38,49.97,3.483489
26.405,32.458,39.419,27.788,32.165,39.994,27.966,32.107,41.504,27.043,32.066,42.314,29.244,32.327,41.928,23.813,36.076,43.339,22.985,35.441,44.451,23.145,33.933,44.59,24.021,33.321,43.942,16,22.487,33.367,45.489,20.02,29.899,38.188,21.316,30.075,38.973,21.082,30.806,40.293,22.341,30.884,41.144,23.23,31.732,40.912,22.489,29.976,41.991,24.679,31.008,43.071,24.048,28.485,43.639,0.843747
26.405,32.458,39.419,27.788,32.165,39.994,27.966,32.107,41.504,27.043,32.066,42.314,29.244,32.327,41.928,23.813,36.076,43.339,22.985,35.441,44.451,23.145,33.933,44.59,24.021,33.321,43.942,16,22.487,33.367,45.489,20.02,29.899,38.188,21.316,30.075,38.973,21.082,30.806,40.293,22.341,30.884,41.144,23.23,31.732,40.912,22.489,29.976,41.991,24.679,31.008,43.071,22.778,30.732,45.015,1.678334
33.969,18.506,40.519,35.15,19.361,40.969,34.76,20.402,42.008,33.795,20.233,42.75,35.502,21.547,42.024,29.956,21.937,43.282,29.415,21.529,44.649,30.366,20.708,45.507,29.911,20.226,46.567,16,31.527,20.498,45.093,30.171,13.205,41.765,31.266,14.194,42.155,30.694,15.427,42.849,31.699,16.469,43.32,31.528,17.669,43.016,32.571,16.066,44.119,33.127,18.495,44.863,34.187,16.702,46.744,1.193159
33.969,18.506,40.519,35.15,19.361,40.969,34.76,20.402,42.008,33.795,20.233,42.75,35.502,21.547,42.024,29.956,21.937,43.282,29.415,21.529,44.649,30.366,20.708,45.507,29.911,20.226,46.567,16,31.527,20.498,45.093,30.171,13.205,41.765,31.266,14.194,42.155,30.694,15.427,42.849,31.699,16.469,43.32,31.528,17.669,43.016,32.571,16.066,44.119,33.127,18.495,44.863,31.058,17.838,46.606,2.243367
29.5,24.993,42.678,30.985,25.041,43.026,31.334,25.96,44.188,30.51,26.544,44.887,32.677,26.178,44.29,28.468,28.958,46.973,28.358,28.253,48.322,29.139,26.948,48.384,28.548,25.879,48.648,16,30.293,27.012,47.908,24.877,21.102,44.373,26.274,21.697,44.529,26.401,22.753,45.623,27.833,23.191,45.899,28.119,24.318,45.44,28.574,22.526,46.654,30.23,24.598,47.164,30.028,22.619,49.201,2.178259
29.702,24.923,43.233,31.159,25.168,43.616,31.529,25.741,44.976,30.812,25.872,45.965,32.751,26.348,44.989,28.355,28.515,47.899,27.983,27.782,49.185,28.628,26.404,49.163,27.94,25.436,48.772,16,29.851,26.241,49.365,25.072,20.987,44.648,26.51,21.422,44.913,26.51,22.555,45.935,27.906,22.954,46.392,28.439,23.958,45.872,28.515,22.191,47.174,30.231,24.105,48.081,29.696,22.631,50.499,2.443124
30.809,23.697,43.024,32.125,24.226,43.587,32.027,25.269,44.691,30.968,25.549,45.25,33.195,25.856,45.08,28.773,28.707,45.768,28.25,28.393,47.167,28.867,27.33,48.064,28.374,27.111,49.191,16,29.838,26.697,47.595,25.539,20.198,44.512,26.889,20.887,44.694,26.871,21.842,45.884,28.149,22.613,46.185,28.075,23.86,46.15,29.072,21.979,46.74,30.466,24.124,47.473,28.947,24.689,49.922,0.686729
30.809,23.697,43.024,32.125,24.226,43.587,32.027,25.269,44.691,30.968,25.549,45.25,33.195,25.856,45.08,28.773,28.707,45.768,28.25,28.393,47.167,28.867,27.33,48.064,28.374,27.111,49.191,16,29.838,26.697,47.595,25.539,20.198,44.512,26.889,20.887,44.694,26.871,21.842,45.884,28.149,22.613,46.185,28.075,23.86,46.15,29.072,21.979,46.74,30.466,24.124,47.473,30.273,21.749,49.012,2.140963
43.55,53.81,35.15,42.61,55,34.94,41.59,55.13,36.06,40.38,55.05,35.87,42.2,55.41,37.25,41.15,49.52,37.9,41.66,49.6,39.34,42.55,50.78,39.69,43.36,50.68,40.64,16,42.31,51.88,39.15,50.02,53.81,39.22,48.66,54.4,38.86,47.46,53.79,39.6,46.12,54.5,39.6,45.97,55.23,40.61,45.26,54.14,38.77,43.2,54.11,40.49,41.66,52.71,42.53,1.517658
31.93,73.08,10.38,30.8,72.54,9.5,29.78,73.52,8.97,28.56,73.52,9.12,30.36,74.5,8.21,30.65,78,12.63,31.4,78.87,11.62,31.72,78.25,10.26,31.96,79.06,9.34,16,31.79,77.01,10.13,38.87,74.84,10.2,37.58,75.19,9.47,37.22,76.67,9.57,35.82,76.87,9.01,35.55,76.23,7.97,35.06,77.68,9.57,33.08,77.49,7.62,34.27,77.81,5.08,3.982882
43.55,53.81,35.15,42.61,55,34.94,41.59,55.13,36.06,40.38,55.05,35.87,42.2,55.41,37.25,41.15,49.52,37.9,41.66,49.6,39.34,42.55,50.78,39.69,43.36,50.68,40.64,16,42.31,51.88,39.15,50.02,53.81,39.22,48.66,54.4,38.86,47.46,53.79,39.6,46.12,54.5,39.6,45.97,55.23,40.61,45.26,54.14,38.77,43.2,54.11,40.49,44.79,52.37,41.95,0.964732
31.28,72.4,10.43,30.43,71.65,9.41,29.38,72.46,8.67,28.16,72.32,8.72,29.99,73.43,7.93,29.24,77.24,12.09,30.26,78.06,11.3,30.98,77.34,10.16,31.95,77.99,9.72,16,30.55,76.34,9.55,37.89,74.48,10.78,36.57,74.27,10.04,35.9,75.62,9.88,34.67,75.56,8.98,34.79,75.58,7.74,33.57,75.44,9.55,32.27,76.35,7.6,33.16,77.1,5.13,2.435754
43.55,53.81,35.15,42.61,55,34.94,41.59,55.13,36.06,40.38,55.05,35.87,42.2,55.41,37.25,41.15,49.52,37.9,41.66,49.6,39.34,42.55,50.78,39.69,43.36,50.68,40.64,16,42.31,51.88,39.15,50.02,53.81,39.22,48.66,54.4,38.86,47.46,53.79,39.6,46.12,54.5,39.6,45.97,55.23,40.61,45.26,54.14,38.77,43.2,54.11,40.49,43.39,56.02,42.61,1.453513
31.03,72.16,10.57,30.26,71.48,9.45,29.15,72.29,8.78,27.97,72.16,9.11,29.5,73.15,7.79,29.25,77.1,11.92,30.22,77.92,11.08,30.67,77.25,9.79,31.08,77.95,8.83,16,30.63,76.01,9.67,38.04,73.81,10.91,36.7,74.11,10.26,36.34,75.59,10.21,35.1,75.87,9.37,35.07,75.38,8.22,34.04,76.33,9.84,32.44,76.13,7.58,33.56,76.48,5.07,3.677812
30.87,71.83,9.95,30.11,71.03,8.89,29,71.77,8.16,27.81,71.55,8.38,29.43,72.53,7.11,28.63,76.63,10.96,29.41,77.48,9.96,30.08,76.69,8.84,30.62,77.38,7.95,16,30.15,75.44,8.8,38.11,73.66,9.89,36.76,73.6,9.19,36.23,75.04,9.26,35.1,75.41,8.31,34.84,74.62,7.38,34.22,76.25,8.6,32.44,75.41,6.7,33,76.21,4.27,2.326567
31.3,71.31,9.43,30.51,70.51,8.41,29.4,71.29,7.72,28.21,71.02,7.82,29.79,72.37,6.98,28.87,75.94,11.11,29.65,76.9,10.22,30.47,76.35,9.06,31,77.15,8.27,16,30.53,75.11,8.89,38.22,73.46,9.79,36.87,73.69,9.1,36.24,75.07,9.07,35.04,75.33,8.17,34.75,74.51,7.27,34.39,76.39,8.33,32.34,75.56,6.5,31.74,78.02,5.44,0.038393
31.3,71.31,9.43,30.51,70.51,8.41,29.4,71.29,7.72,28.21,71.02,7.82,29.79,72.37,6.98,28.87,75.94,11.11,29.65,76.9,10.22,30.47,76.35,9.06,31,77.15,8.27,16,30.53,75.11,8.89,38.22,73.46,9.79,36.87,73.69,9.1,36.24,75.07,9.07,35.04,75.33,8.17,34.75,74.51,7.27,34.39,76.39,8.33,32.34,75.56,6.5,33.98,75.91,4.43,-0.171532
31.35,71.35,9.34,30.73,70.76,8.08,29.45,71.44,7.61,28.34,70.91,7.65,29.57,72.73,7.18,28.89,75.91,10.9,29.66,77.02,10.19,30.4,76.53,8.95,30.53,77.22,7.92,16,30.93,75.4,8.9,38.15,73.69,9.7,36.83,73.81,8.95,36.11,75.16,8.98,34.87,75.39,8.13,34.75,74.6,7.17,34.03,76.28,8.41,32.26,75.54,6.41,33.74,75.77,4.02,-0.076397
31.13,70.42,9.17,30.26,69.54,8.28,29.33,70.32,7.36,28.15,69.98,7.25,29.79,71.52,6.91,28.62,75.25,10.33,29.35,76.19,9.37,30.04,75.59,8.15,30.66,76.34,7.36,16,30.11,74.35,8.05,37.6,72.47,9.44,36.3,72.35,8.66,35.43,73.6,8.79,34.18,73.56,7.93,34.21,73.02,6.8,33.18,74.16,8.38,31.89,74.07,6.01,33.54,76.23,5.77,1.410616
31.5,70.26,9.54,30.72,69.47,8.49,29.64,70.32,7.84,28.44,70.26,8.11,30.03,71.3,6.98,29.16,74.95,10.79,29.93,75.71,9.71,30.45,74.76,8.64,29.84,74.78,7.55,16,31.5,74.1,8.81,38.14,73.06,9.12,36.84,72.95,8.33,36.34,74.37,8.15,35.04,74.35,7.36,34.42,73.27,7.23,34.65,75.41,6.84,32.14,74.48,5.9,32.09,76.93,5.01,0.873067
31.5,70.26,9.54,30.72,69.47,8.49,29.64,70.32,7.84,28.44,70.26,8.11,30.03,71.3,6.98,29.16,74.95,10.79,29.93,75.71,9.71,30.45,74.76,8.64,29.84,74.78,7.55,16,31.5,74.1,8.81,38.14,73.06,9.12,36.84,72.95,8.33,36.34,74.37,8.15,35.04,74.35,7.36,34.42,73.27,7.23,34.65,75.41,6.84,32.14,74.48,5.9,33.97,73.92,3.95,0.716228
30.88,71.73,9.48,29.81,70.92,8.75,28.71,71.78,8.14,27.5,71.61,8.3,29.11,72.66,7.18,28.92,76.8,10.78,29.47,77.6,9.6,29.91,76.74,8.42,29.83,75.5,8.38,16,30.36,77.43,7.48,37.76,74.07,8.58,36.35,73.95,8,35.56,75.25,8.16,34.18,75.27,7.53,33.23,75.92,8.03,34.03,74.63,6.47,31.45,75.45,6.12,32.71,75.49,3.61,3.033907
31.19,71.15,9.96,30.18,70.44,9.07,29.1,71.26,8.38,27.91,70.98,8.49,29.47,72.25,7.51,29.01,76.05,11.09,29.5,76.97,9.97,29.85,76.36,8.62,29.7,75.14,8.39,16,30.15,77.18,7.73,37.7,74.33,9.01,36.41,74.2,8.21,35.6,75.48,8,34.39,75.24,7.12,33.29,75.43,7.68,34.56,74.88,5.93,31.3,75.38,5.99,31.24,78.07,5.06,0.569565
31.44,72.39,10.3,30.51,71.47,9.51,29.34,72.1,8.77,28.14,71.83,8.8,29.73,73.15,7.99,28.95,77.16,11.56,29.58,78.11,10.55,30.43,77.46,9.48,30.55,76.21,9.42,16,30.88,78.12,8.52,38.16,74.27,9.25,36.72,74.09,8.76,35.98,75.43,8.73,34.66,75.27,8,33.63,75.3,8.72,34.68,75.12,6.76,31.8,75.88,7.07,33.1,78.41,6.58,4.218805
30.91,71.92,10.24,29.9,71.2,9.34,28.79,72.06,8.75,27.69,71.55,8.57,29.11,73.33,8.38,29.1,76.91,11.41,29.83,77.59,10.25,30.16,76.74,9.04,30.69,75.61,9.1,16,30,77.26,7.91,37.39,74.45,9.54,36,74.33,8.92,35.54,75.7,8.42,34.16,75.77,7.78,33.57,76.87,7.69,33.83,74.83,7.01,31.39,75.63,6.51,32.17,75.84,3.94,3.010211
30.75,72.43,10.14,29.89,71.7,9.11,28.57,72.32,8.69,27.55,71.65,8.81,28.42,73.62,8.31,29.41,77.26,11.76,30.32,77.62,10.59,30.04,76.91,9.28,30.09,75.66,9.19,16,29.9,77.63,8.26,37.46,74.47,9.65,36.05,74.65,9.1,35.6,76.09,8.83,34.3,76.15,8.04,33.35,76.79,8.55,34.27,75.71,6.87,31.45,76.21,6.73,32.1,76.14,3.94,3.619179
30.45,72.54,9.9,29.62,71.82,8.84,28.37,72.54,8.37,27.25,72.03,8.28,28.54,73.84,8,28.44,77.64,11.11,29.05,78.44,9.96,29.69,77.68,8.81,29.96,76.46,8.85,16,29.97,78.37,7.81,37.28,74.39,9.48,35.93,74.59,8.81,35.67,76.01,8.33,34.28,76.38,7.84,33.41,76.82,8.63,34.1,76.26,6.61,31.52,76.36,6.67,32.08,79.11,5.98,0.69547
30.45,72.54,9.9,29.62,71.82,8.84,28.37,72.54,8.37,27.25,72.03,8.28,28.54,73.84,8,28.44,77.64,11.11,29.05,78.44,9.96,29.69,77.68,8.81,29.96,76.46,8.85,16,29.97,78.37,7.81,37.28,74.39,9.48,35.93,74.59,8.81,35.67,76.01,8.33,34.28,76.38,7.84,33.41,76.82,8.63,34.1,76.26,6.61,31.52,76.36,6.67,32.01,76.74,4.09,2.622163
48.08,48.83,47.27,46.97,49.83,46.94,46.12,50.19,48.15,45.05,50.77,47.93,46.6,49.87,49.38,45.95,45.91,51.81,46.5,46.63,53.04,46.92,48.08,52.91,46.59,48.7,51.88,16,47.69,48.61,53.74,54.7,47.8,49.48,53.28,48.35,49.42,52.54,48.16,50.74,51.13,48.75,50.79,50.16,47.97,50.94,51.02,49.97,50.55,48.76,50.26,51.64,49.8,52.51,52.99,-1.335076
48.08,48.83,47.27,46.97,49.83,46.94,46.12,50.19,48.15,45.05,50.77,47.93,46.6,49.87,49.38,45.95,45.91,51.81,46.5,46.63,53.04,46.92,48.08,52.91,46.59,48.7,51.88,16,47.69,48.61,53.74,54.7,47.8,49.48,53.28,48.35,49.42,52.54,48.16,50.74,51.13,48.75,50.79,50.16,47.97,50.94,51.02,49.97,50.55,48.76,50.26,51.64,50.16,49.67,53.7,2.839351
30.06,72.75,9.43,29.03,71.9,8.68,28.08,72.68,7.78,26.89,72.37,7.73,28.5,73.73,7.02,27.71,77.85,10.63,28.47,78.71,9.63,29.04,78.02,8.4,28.89,76.79,8.21,16,29.78,78.64,7.6,36.64,74.95,9.6,35.3,74.82,8.88,34.35,76.01,8.91,33.19,75.81,7.94,32.03,75.74,8.41,33.46,75.75,6.72,30.76,76.59,6.19,31.91,76.96,3.8,4.04243
29.83,72.82,9.53,28.83,72,8.73,27.85,72.8,7.87,26.64,72.7,8.07,28.36,73.44,6.78,27.88,78.13,10.34,28.54,78.99,9.26,29.23,78.17,8.18,29.16,76.93,8.06,16,29.71,78.8,7.21,36.83,74.94,9.57,35.42,74.83,8.99,34.72,76.18,9.05,33.36,76.19,8.35,32.43,76.89,8.81,33.25,75.57,7.27,31,76.59,6.26,32.43,76.93,4.03,3.273139
44.37,51.77,35.57,43.45,52.97,35.79,42.29,52.71,36.75,41.12,53.01,36.54,42.58,52.06,37.91,41.24,47.76,38.59,41.64,48.05,40.04,41.84,49.54,40.29,42.48,49.82,41.33,16,41.34,50.47,39.61,50.38,52.06,39.26,48.92,52.44,39.04,47.95,51.55,39.8,46.51,52.05,39.8,46.27,53.13,40.38,45.62,51.36,39.26,43.57,52.25,40.81,43.53,54.22,42.7,4.40164
30.63,73.34,10.61,29.81,72.75,9.46,28.58,73.51,8.98,27.46,73.01,8.97,28.74,74.82,8.63,28.42,78.04,12.15,29.25,78.78,11.11,29.61,77.98,9.86,29.98,76.79,9.92,16,29.5,78.58,8.77,37.12,75.47,10.34,35.77,75.59,9.64,35.17,77,9.6,33.92,77.13,8.74,32.97,77.78,9.22,33.88,76.57,7.63,31.18,76.98,7.41,31.7,77.69,4.8,3.256767
30.26,72.9,9.24,29.43,72.28,8.13,28.3,73.16,7.6,27.1,72.9,7.57,28.61,74.4,7.15,27.73,77.48,10.95,28.36,78.52,10.03,29.1,78.04,8.79,29.31,76.81,8.67,16,29.7,78.81,8.01,37.15,75.28,9.73,35.8,75.15,9.03,35.03,76.47,9,33.72,76.28,8.26,32.68,76.79,8.74,33.66,75.7,7.15,31.21,77.08,6.64,32.13,77.89,3.99,3.539147
48.08,48.83,47.27,46.97,49.83,46.94,46.12,50.19,48.15,45.05,50.77,47.93,46.6,49.87,49.38,45.95,45.91,51.81,46.5,46.63,53.04,46.92,48.08,52.91,46.59,48.7,51.88,16,47.69,48.61,53.74,54.7,47.8,49.48,53.28,48.35,49.42,52.54,48.16,50.74,51.13,48.75,50.79,50.16,47.97,50.94,51.02,49.97,50.55,48.76,50.26,51.64,49.8,52.51,52.99,-1.335076
48.08,48.83,47.27,46.97,49.83,46.94,46.12,50.19,48.15,45.05,50.77,47.93,46.6,49.87,49.38,45.95,45.91,51.81,46.5,46.63,53.04,46.92,48.08,52.91,46.59,48.7,51.88,16,47.69,48.61,53.74,54.7,47.8,49.48,53.28,48.35,49.42,52.54,48.16,50.74,51.13,48.75,50.79,50.16,47.97,50.94,51.02,49.97,50.55,48.76,50.26,51.64,50.16,49.67,53.7,2.839351
32.67,72.78,9.42,31.83,72.39,8.21,30.9,73.46,7.66,29.67,73.47,7.75,31.65,74.52,7.23,31.65,77.61,11.54,32.77,78.19,10.68,32.75,77.55,9.3,33.41,76.49,9.16,16,32.2,78.06,8.3,39.96,74.46,9.77,38.65,74.79,9.04,38.3,76.27,8.92,37.28,76.59,7.84,36.91,77.78,7.7,36.77,75.71,7.11,34.33,77.13,6.85,35.37,77.66,4.49,2.889431
32.22,73.17,9.5,31.36,72.56,8.4,30.23,73.42,7.85,29.04,73.11,7.89,30.58,74.66,7.39,30.44,78.09,11.31,31.27,79,10.41,31.91,78.31,9.21,33.11,78.47,8.92,16,31.17,77.6,8.49,39.08,75.14,9.74,37.79,75.19,8.93,37.23,76.6,8.77,35.95,76.79,7.96,35.87,77.8,7.21,34.94,76.08,8.13,33.28,77.25,6.64,34.58,77.4,4.46,-1.480287
30.48,71.72,10.14,29.63,71.08,9.05,28.39,71.77,8.51,27.33,71.18,8.36,28.5,73.02,7.98,28.42,76.47,11.19,29.2,77.16,10.08,29.69,76.24,8.97,29.92,75.02,9.12,16,29.92,76.8,7.88,37.57,74.04,9.32,36.13,74.01,8.82,35.61,75.42,8.59,34.35,75.45,7.74,34.4,74.95,6.59,33.28,75.78,8.3,31.41,74.97,6.71,32.76,74.85,4.36,3.209114
30.99,71.71,9.57,30.1,70.91,8.63,28.95,71.7,8.02,27.82,71.22,7.99,29.23,72.91,7.46,28.9,76.47,10.68,29.66,77.19,9.57,30.46,76.51,8.47,30.7,75.29,8.57,16,30.81,77.19,7.48,38.18,74.04,9.22,36.81,74.05,8.55,36.27,75.48,8.51,35.02,75.61,7.66,34.95,74.97,6.59,33.99,76.19,8.08,32.3,75.44,6.34,33.47,75.87,3.95,2.904729
31.18,71.55,9.9,30.21,70.94,8.88,29.19,71.92,8.33,27.98,71.75,8.31,29.78,73.04,7.81,29.86,76.4,11.23,30.81,76.98,10.19,31.05,76.11,8.97,31.85,75.15,9.04,16,30.37,76.4,7.96,38.42,74.03,9.22,37.03,73.85,8.64,36.32,75.17,8.33,35.37,75.18,7.13,35.47,74.34,6.22,34.47,76.04,7.15,32.14,75.24,6.32,33.35,75.12,3.85,1.678217
30.94,71.88,9.14,30.07,71.02,8.23,28.95,71.79,7.53,27.76,71.51,7.63,29.3,72.95,6.9,29.07,76.88,10.25,29.95,77.62,9.25,30.42,76.87,8.01,30.43,75.62,8.06,16,30.75,77.53,7,37.97,74.08,9.19,36.6,73.93,8.54,36.09,75.25,7.96,34.65,75.18,7.46,34.42,74.51,6.43,33.81,75.97,7.94,31.95,75.44,5.86,33.28,75.12,3.41,3.535541
29.98,67.8,16.9,29.14,67.89,15.63,27.96,68.85,15.57,26.81,68.44,15.65,28.22,70.19,15.61,27.63,70.95,20.96,28.38,72.23,20.63,29.17,72.42,19.34,29.78,73.51,19.22,16,29.05,71.62,18.4,36.85,69.07,18.19,35.52,69.52,17.59,34.75,70.64,18.28,33.55,71.21,17.54,33.8,72.17,16.78,32.38,70.96,17.92,30.85,72.72,16.88,32.38,73.94,15.06,-5.031832
48.08,48.83,47.27,46.97,49.83,46.94,46.12,50.19,48.15,45.05,50.77,47.93,46.6,49.87,49.38,45.95,45.91,51.81,46.5,46.63,53.04,46.92,48.08,52.91,46.59,48.7,51.88,16,47.69,48.61,53.74,54.7,47.8,49.48,53.28,48.35,49.42,52.54,48.16,50.74,51.13,48.75,50.79,50.16,47.97,50.94,51.02,49.97,50.55,48.76,50.26,51.64,49.8,52.51,52.99,-1.335076
48.08,48.83,47.27,46.97,49.83,46.94,46.12,50.19,48.15,45.05,50.77,47.93,46.6,49.87,49.38,45.95,45.91,51.81,46.5,46.63,53.04,46.92,48.08,52.91,46.59,48.7,51.88,16,47.69,48.61,53.74,54.7,47.8,49.48,53.28,48.35,49.42,52.54,48.16,50.74,51.13,48.75,50.79,50.16,47.97,50.94,51.02,49.97,50.55,48.76,50.26,51.64,50.16,49.67,53.7,2.839351
29.98,67.8,16.9,29.14,67.89,15.63,27.96,68.85,15.57,26.81,68.44,15.65,28.22,70.19,15.61,27.63,70.95,20.96,28.38,72.23,20.63,29.17,72.42,19.34,29.78,73.51,19.22,16,29.05,71.62,18.4,36.85,69.07,18.19,35.52,69.52,17.59,34.75,70.64,18.28,33.55,71.21,17.54,33.8,72.17,16.78,32.38,70.96,17.92,30.85,72.72,16.88,30.7,75.65,16.77,3.725179
48.08,48.83,47.27,46.97,49.83,46.94,46.12,50.19,48.15,45.05,50.77,47.93,46.6,49.87,49.38,45.95,45.91,51.81,46.5,46.63,53.04,46.92,48.08,52.91,46.59,48.7,51.88,16,47.69,48.61,53.74,54.7,47.8,49.48,53.28,48.35,49.42,52.54,48.16,50.74,51.13,48.75,50.79,50.16,47.97,50.94,51.02,49.97,50.55,48.76,50.26,51.64,49.8,52.51,52.99,-1.335076
48.08,48.83,47.27,46.97,49.83,46.94,46.12,50.19,48.15,45.05,50.77,47.93,46.6,49.87,49.38,45.95,45.91,51.81,46.5,46.63,53.04,46.92,48.08,52.91,46.59,48.7,51.88,16,47.69,48.61,53.74,54.7,47.8,49.48,53.28,48.35,49.42,52.54,48.16,50.74,51.13,48.75,50.79,50.16,47.97,50.94,51.02,49.97,50.55,48.76,50.26,51.64,50.16,49.67,53.7,2.839351
31.56,71.79,8.97,30.68,71.08,7.95,29.6,71.82,7.17,28.44,71.42,7.09,29.76,73.14,6.87,29.53,76.83,9.72,30.43,77.39,8.62,30.86,76.47,7.5,31.33,75.32,7.71,16,31.12,77.13,6.47,38.61,73.97,8.57,37.16,73.96,8.09,36.59,75.31,7.66,35.29,75.17,6.89,35.32,74.58,5.78,34.21,75.53,7.4,32.58,75.28,5.32,33.82,75.27,2.86,3.292344
31.56,72.49,10.22,30.39,71.63,9.75,29.12,72.34,9.3,28,72.23,9.79,29.4,73.31,8.38,30.12,77.8,11.18,30.68,78.56,9.98,30.44,77.79,8.7,30.86,78.33,7.65,16,30.38,76.54,8.68,38.43,75.49,8.24,36.97,75.38,7.82,36.37,76.72,7.39,34.99,76.76,6.76,34.31,77.75,7.11,34.52,75.81,6.1,31.93,76.09,6.69,32.75,76.58,4.12,1.941078
31.51,74.59,11.25,30.41,74.13,10.3,29.39,75.18,9.92,28.16,75.05,9.92,29.87,76.42,9.62,30.26,79.24,13.61,31.2,80.07,12.74,31.54,79.58,11.34,31.7,80.53,10.54,16,31.54,78.37,11,38.55,75.79,11.1,37.12,76.08,10.66,36.87,77.58,10.7,35.54,77.82,10.01,35.43,77.63,8.78,34.61,78.3,10.69,32.93,78.98,8.71,33.86,78.84,6.08,4.019486
38.17,71.05,14.87,36.83,71,14.15,36.16,72.34,13.89,35.08,72.71,14.34,36.89,73.17,13.09,38.26,75.87,17.86,39.11,76.73,16.93,39.12,76.24,15.49,40.08,75.5,15.2,16,38.12,76.33,14.75,44.76,71.09,12.71,43.39,71.69,12.39,43.21,73.07,13.02,41.89,73.65,12.55,40.81,73.32,13.09,41.96,74.44,11.58,39.19,75.36,12.55,40.46,77.82,12.47,-1.1825
38.17,71.05,14.87,36.83,71,14.15,36.16,72.34,13.89,35.08,72.71,14.34,36.89,73.17,13.09,38.26,75.87,17.86,39.11,76.73,16.93,39.12,76.24,15.49,40.08,75.5,15.2,16,38.12,76.33,14.75,44.76,71.09,12.71,43.39,71.69,12.39,43.21,73.07,13.02,41.89,73.65,12.55,40.81,73.32,13.09,41.96,74.44,11.58,39.19,75.36,12.55,40.48,75.9,9.96,2.089598
40.51,72.72,12.6,39.27,72.71,11.71,38.85,74.05,11.13,37.66,74.28,10.92,39.76,75.04,10.91,41.39,77.58,14.62,42.47,77.85,13.58,42.28,77.15,12.25,42.49,77.87,11.24,16,42.01,75.93,12.18,47.29,71.08,12.21,46.16,71.85,11.55,46.55,73.23,11.02,45.39,74.14,10.61,44.93,75,11.39,44.77,73.87,9.56,43.22,75.89,9.58,44.13,75.39,7.1,2.336482
30.87,71.7,9.39,29.93,70.82,8.57,28.82,71.59,7.87,27.64,71.43,8.18,29.22,72.31,6.78,29.02,76.79,10.23,29.88,77.34,9.1,30.2,76.57,7.83,29.98,75.34,7.74,16,30.66,77.23,6.87,38.24,74.16,9.04,36.88,73.99,8.37,36.23,75.33,8.01,34.99,75.2,7.14,35.03,74.57,6.07,33.93,75.78,7.47,31.99,75.08,5.93,33.27,74.66,3.6,3.300681
34.7,70.99,10.54,33.52,70.35,9.82,32.17,71.04,9.66,31.1,70.59,10.06,32.27,72.28,9.1,33.61,76.45,12.23,33.9,77.25,10.97,33.94,76.42,9.7,33.76,75.18,9.71,16,34.11,77.06,8.64,41.35,73.17,10.24,39.92,73.08,9.73,39.43,74.51,9.6,38.03,74.62,9.02,37.82,73.97,7.97,37.17,75.4,9.49,35.27,74.95,7.59,35.39,75.59,4.91,5.064836
31.42,74.67,11.31,30.41,73.97,10.41,29.59,74.98,9.61,28.37,75.01,9.59,30.28,75.91,8.88,29.55,79.81,12.73,30.31,80.8,11.85,31.18,80.18,10.77,31.91,80.94,10.1,16,31.05,78.97,10.48,38.38,75.97,10.88,37.08,76.35,10.17,36.68,77.79,10.47,35.38,78.15,9.77,35.37,77.89,8.54,34.34,78.43,10.4,32.89,79.1,8.41,34.3,79.69,6.22,2.614514
48.08,48.83,47.27,46.97,49.83,46.94,46.12,50.19,48.15,45.05,50.77,47.93,46.6,49.87,49.38,45.95,45.91,51.81,46.5,46.63,53.04,46.92,48.08,52.91,46.59,48.7,51.88,16,47.69,48.61,53.74,54.7,47.8,49.48,53.28,48.35,49.42,52.54,48.16,50.74,51.13,48.75,50.79,50.16,47.97,50.94,51.02,49.97,50.55,48.76,50.26,51.64,49.8,52.51,52.99,-1.335076
48.08,48.83,47.27,46.97,49.83,46.94,46.12,50.19,48.15,45.05,50.77,47.93,46.6,49.87,49.38,45.95,45.91,51.81,46.5,46.63,53.04,46.92,48.08,52.91,46.59,48.7,51.88,16,47.69,48.61,53.74,54.7,47.8,49.48,53.28,48.35,49.42,52.54,48.16,50.74,51.13,48.75,50.79,50.16,47.97,50.94,51.02,49.97,50.55,48.76,50.26,51.64,50.16,49.67,53.7,2.839351
48.08,48.83,47.27,46.97,49.83,46.94,46.12,50.19,48.15,45.05,50.77,47.93,46.6,49.87,49.38,45.95,45.91,51.81,46.5,46.63,53.04,46.92,48.08,52.91,46.59,48.7,51.88,16,47.69,48.61,53.74,54.7,47.8,49.48,53.28,48.35,49.42,52.54,48.16,50.74,51.13,48.75,50.79,50.16,47.97,50.94,51.02,49.97,50.55,48.76,50.26,51.64,49.8,52.51,52.99,-1.335076
48.08,48.83,47.27,46.97,49.83,46.94,46.12,50.19,48.15,45.05,50.77,47.93,46.6,49.87,49.38,45.95,45.91,51.81,46.5,46.63,53.04,46.92,48.08,52.91,46.59,48.7,51.88,16,47.69,48.61,53.74,54.7,47.8,49.48,53.28,48.35,49.42,52.54,48.16,50.74,51.13,48.75,50.79,50.16,47.97,50.94,51.02,49.97,50.55,48.76,50.26,51.64,50.16,49.67,53.7,2.839351
31.19,74.73,11.3,30.3,74.15,10.2,29.31,75.16,9.63,28.11,75.13,9.87,29.83,76.02,8.71,30.15,79.72,12.92,31.09,80.47,11.97,31.26,79.91,10.57,31.6,80.68,9.65,16,30.99,78.71,10.35,38.45,76.3,10.85,37.07,76.56,10.25,36.71,78.04,10.36,35.42,78.44,9.64,35.28,78.08,8.45,34.62,79.07,10.36,32.72,78.98,8.19,33.85,79.61,5.84,2.90289
44.4,46.77,44.91,43.73,48.14,44.74,42.69,48.4,45.81,41.49,48.47,45.56,43.23,48.68,47.03,41.48,43.68,48.07,42.1,44.09,49.4,42.83,45.42,49.33,42.61,46.3,48.47,16,43.59,45.67,50.29,51.32,46.59,48.34,49.91,47.1,48.06,49.07,46.69,49.26,47.62,47.15,49.24,46.73,46.27,49.25,47.29,48.33,49,44.56,47.87,49.37,44.62,48.58,51.87,2.405996
48.08,48.83,47.27,46.97,49.83,46.94,46.12,50.19,48.15,45.05,50.77,47.93,46.6,49.87,49.38,45.95,45.91,51.81,46.5,46.63,53.04,46.92,48.08,52.91,46.59,48.7,51.88,16,47.69,48.61,53.74,54.7,47.8,49.48,53.28,48.35,49.42,52.54,48.16,50.74,51.13,48.75,50.79,50.16,47.97,50.94,51.02,49.97,50.55,48.76,50.26,51.64,49.8,52.51,52.99,-1.335076
48.08,48.83,47.27,46.97,49.83,46.94,46.12,50.19,48.15,45.05,50.77,47.93,46.6,49.87,49.38,45.95,45.91,51.81,46.5,46.63,53.04,46.92,48.08,52.91,46.59,48.7,51.88,16,47.69,48.61,53.74,54.7,47.8,49.48,53.28,48.35,49.42,52.54,48.16,50.74,51.13,48.75,50.79,50.16,47.97,50.94,51.02,49.97,50.55,48.76,50.26,51.64,50.16,49.67,53.7,2.839351
32.25,73.54,10.67,31.18,73.1,9.67,30.32,74.32,9.36,29.16,74.34,9.74,30.96,75.34,8.7,31.17,78.01,13.03,32.1,78.89,12.22,32,78.46,10.76,31.89,79.36,9.9,16,32.22,77.27,10.44,39.24,75.23,10.14,37.9,75.51,9.47,37.44,76.95,9.68,36.06,77.2,9.08,35.73,76.87,7.92,35.19,77.69,9.82,33.21,77.88,8.12,34.25,78.06,5.78,2.461259
